time,vibration,is_anomalous,mse_percentage,threshold
2023-12-11 11:23:17.883587,81,False,4.7586309703271334,80
2023-12-11 11:23:18.376522,85,False,0.4343885199811769,80
2023-12-11 11:23:18.377142,85,False,0.4343885199811769,80
2023-12-11 11:23:18.884464,81,False,4.7586309703271334,80
2023-12-11 11:23:18.885023,82,False,2.1621212251729784,80
2023-12-11 11:23:19.384485,84,False,0.0,80
2023-12-11 11:23:19.384926,81,False,4.7586309703271334,80
2023-12-11 11:23:19.885615,81,False,4.7586309703271334,80
2023-12-11 11:23:19.886285,84,False,0.0,80
2023-12-11 11:23:20.388568,82,False,2.1621212251729784,80
2023-12-11 11:23:20.389853,82,False,2.1621212251729784,80
2023-12-11 11:23:20.887083,81,False,4.7586309703271334,80
2023-12-11 11:23:20.887629,84,False,0.0,80
2023-12-11 11:23:22.382640,81,False,4.7586309703271334,80
2023-12-11 11:23:22.388181,84,False,0.0,80
2023-12-11 11:23:22.887043,85,False,0.4343885199811769,80
2023-12-11 11:23:22.887637,80,False,8.365440137193069,80
2023-12-11 11:23:23.385756,83,False,0.5759109017306004,80
2023-12-11 11:23:23.386235,81,False,4.7586309703271334,80
2023-12-11 11:23:23.891378,83,False,0.5759109017306004,80
2023-12-11 11:23:23.892018,80,False,8.365440137193069,80
2023-12-11 11:23:24.391172,81,False,4.7586309703271334,80
2023-12-11 11:23:24.391739,80,False,8.365440137193069,80
2023-12-11 11:23:24.894688,83,False,0.5759109017306004,80
2023-12-11 11:23:24.895271,82,False,2.1621212251729784,80
2023-12-11 11:23:25.392297,85,False,0.4343885199811769,80
2023-12-11 11:23:25.392914,84,False,0.0,80
2023-12-11 11:23:25.901405,84,False,0.0,80
2023-12-11 11:23:25.901848,80,False,8.365440137193069,80
2023-12-11 11:23:26.395098,84,False,0.0,80
2023-12-11 11:23:26.395795,80,False,8.365440137193069,80
2023-12-11 11:23:26.902156,84,False,0.0,80
2023-12-11 11:23:26.902730,83,False,0.5759109017306004,80
2023-12-11 11:23:27.392204,90,False,17.760822445563672,80
2023-12-11 11:23:27.397507,90,False,17.760822445563672,80
2023-12-11 11:23:27.895768,90,False,17.760822445563672,80
2023-12-11 11:23:27.896213,90,False,17.760822445563672,80
2023-12-11 11:23:28.394131,90,False,17.760822445563672,80
2023-12-11 11:23:28.394587,90,False,17.760822445563672,80
2023-12-11 11:23:28.895977,90,False,17.760822445563672,80
2023-12-11 11:23:28.901746,90,False,17.760822445563672,80
2023-12-11 11:23:29.398252,90,False,17.760822445563672,80
2023-12-11 11:23:29.398940,90,False,17.760822445563672,80
2023-12-11 11:23:29.903269,90,False,17.760822445563672,80
2023-12-11 11:23:29.903795,90,False,17.760822445563672,80
2023-12-11 11:23:30.405036,90,False,17.760822445563672,80
2023-12-11 11:23:30.405516,90,False,17.760822445563672,80
2023-12-11 11:23:30.906526,90,False,17.760822445563672,80
2023-12-11 11:23:30.907104,90,False,17.760822445563672,80
2023-12-11 11:23:31.399253,90,False,17.760822445563672,80
2023-12-11 11:23:31.399898,90,False,17.760822445563672,80
2023-12-11 11:23:31.902224,90,False,17.760822445563672,80
2023-12-11 11:23:31.971325,90,False,17.760822445563672,80
2023-12-11 11:23:32.402954,90,False,17.760822445563672,80
2023-12-11 11:23:32.403417,90,False,17.760822445563672,80
2023-12-11 11:23:32.908961,90,False,17.760822445563672,80
2023-12-11 11:23:32.909682,90,False,17.760822445563672,80
2023-12-11 11:23:33.411443,90,False,17.760822445563672,80
2023-12-11 11:23:33.412002,90,False,17.760822445563672,80
2023-12-11 11:23:34.406881,90,False,17.760822445563672,80
2023-12-11 11:23:34.407405,90,False,17.760822445563672,80
2023-12-11 11:23:34.907259,71,True,86.29019661601636,80
2023-12-11 11:23:34.907814,74,False,51.22258299433593,80
2023-12-11 11:23:35.413808,70,True,100.0,80
2023-12-11 11:23:35.414454,74,False,51.22258299433593,80
2023-12-11 11:23:35.914597,70,True,100.0,80
2023-12-11 11:23:35.920399,72,False,73.59069265374443,80
2023-12-11 11:23:36.416292,75,False,41.553977297199346,80
2023-12-11 11:23:36.416731,71,True,86.29019661601636,80
2023-12-11 11:23:36.911000,71,True,86.29019661601636,80
2023-12-11 11:23:36.911574,70,True,100.0,80
2023-12-11 11:23:37.420349,81,False,4.7586309703271334,80
2023-12-11 11:23:37.420982,82,False,2.1621212251729784,80
2023-12-11 11:23:37.918709,81,False,4.7586309703271334,80
2023-12-11 11:23:37.919279,83,False,0.5759109017306004,80
2023-12-11 11:23:38.413141,81,False,4.7586309703271334,80
2023-12-11 11:23:38.413659,85,False,0.4343885199811769,80
2023-12-11 11:23:38.922329,85,False,0.4343885199811769,80
2023-12-11 11:23:38.922876,82,False,2.1621212251729784,80
2023-12-11 11:23:39.415061,80,False,8.365440137193069,80
2023-12-11 11:23:39.420112,80,False,8.365440137193069,80
2023-12-11 11:23:39.916124,85,False,0.4343885199811769,80
2023-12-11 11:23:39.916706,81,False,4.7586309703271334,80
2023-12-11 11:23:40.417075,81,False,4.7586309703271334,80
2023-12-11 11:23:40.490837,85,False,0.4343885199811769,80
2023-12-11 11:23:40.917325,82,False,2.1621212251729784,80
2023-12-11 11:23:40.988813,80,False,8.365440137193069,80
2023-12-11 11:23:41.424980,81,False,4.7586309703271334,80
2023-12-11 11:23:41.425418,84,False,0.0,80
2023-12-11 11:23:41.924064,82,False,2.1621212251729784,80
2023-12-11 11:23:42.001302,82,False,2.1621212251729784,80
2023-12-11 11:23:43.423361,83,False,0.5759109017306004,80
2023-12-11 11:23:43.495941,83,False,0.5759109017306004,80
2023-12-11 11:23:43.930034,80,False,8.365440137193069,80
2023-12-11 11:23:43.935271,85,False,0.4343885199811769,80
2023-12-11 11:23:44.422971,80,False,8.365440137193069,80
2023-12-11 11:23:44.423462,84,False,0.0,80
2023-12-11 11:23:44.932229,82,False,2.1621212251729784,80
2023-12-11 11:23:44.932773,81,False,4.7586309703271334,80
2023-12-11 11:23:45.431609,83,False,0.5759109017306004,80
2023-12-11 11:23:45.436288,81,False,4.7586309703271334,80
2023-12-11 11:23:46.431558,83,False,0.5759109017306004,80
2023-12-11 11:23:46.498684,80,False,8.365440137193069,80
2023-12-11 11:23:46.926183,85,False,0.4343885199811769,80
2023-12-11 11:23:46.931361,81,False,4.7586309703271334,80
2023-12-11 11:23:47.435403,84,False,0.0,80
2023-12-11 11:23:47.435987,85,False,0.4343885199811769,80
2023-12-11 11:23:47.931653,82,False,2.1621212251729784,80
2023-12-11 11:23:47.932151,81,False,4.7586309703271334,80
2023-12-11 11:23:48.431571,90,False,17.760822445563672,80
2023-12-11 11:23:48.432037,90,False,17.760822445563672,80
2023-12-11 11:23:48.930648,90,False,17.760822445563672,80
2023-12-11 11:23:48.931083,90,False,17.760822445563672,80
2023-12-11 11:23:49.435065,90,False,17.760822445563672,80
2023-12-11 11:23:49.435533,90,False,17.760822445563672,80
2023-12-11 11:23:49.932957,90,False,17.760822445563672,80
2023-12-11 11:23:50.007158,90,False,17.760822445563672,80
2023-12-11 11:23:50.434127,90,False,17.760822445563672,80
2023-12-11 11:23:50.434534,90,False,17.760822445563672,80
2023-12-11 11:23:50.935606,90,False,17.760822445563672,80
2023-12-11 11:23:50.936215,90,False,17.760822445563672,80
2023-12-11 11:23:51.437810,90,False,17.760822445563672,80
2023-12-11 11:23:51.438333,90,False,17.760822445563672,80
2023-12-11 11:23:51.945632,90,False,17.760822445563672,80
2023-12-11 11:23:51.946124,90,False,17.760822445563672,80
2023-12-11 11:23:52.437214,90,False,17.760822445563672,80
2023-12-11 11:23:52.442016,90,False,17.760822445563672,80
2023-12-11 11:23:52.938007,90,False,17.760822445563672,80
2023-12-11 11:23:52.938455,90,False,17.760822445563672,80
2023-12-11 11:23:53.437782,90,False,17.760822445563672,80
2023-12-11 11:23:53.443370,90,False,17.760822445563672,80
2023-12-11 11:23:53.948372,90,False,17.760822445563672,80
2023-12-11 11:23:53.948831,90,False,17.760822445563672,80
2023-12-11 11:23:54.441578,90,False,17.760822445563672,80
2023-12-11 11:23:54.448692,90,False,17.760822445563672,80
2023-12-11 11:23:54.950077,90,False,17.760822445563672,80
2023-12-11 11:23:54.950556,90,False,17.760822445563672,80
2023-12-11 11:23:55.452157,90,False,17.760822445563672,80
2023-12-11 11:23:55.452647,90,False,17.760822445563672,80
2023-12-11 11:23:55.951993,73,False,61.9014881131843,80
2023-12-11 11:23:55.952490,75,False,41.553977297199346,80
2023-12-11 11:23:56.446871,73,False,61.9014881131843,80
2023-12-11 11:23:56.452627,70,True,100.0,80
2023-12-11 11:23:56.953875,71,True,86.29019661601636,80
2023-12-11 11:23:56.954347,75,False,41.553977297199346,80
2023-12-11 11:23:57.449509,70,True,100.0,80
2023-12-11 11:23:57.449981,74,False,51.22258299433593,80
2023-12-11 11:23:57.954789,72,False,73.59069265374443,80
2023-12-11 11:23:57.955243,71,True,86.29019661601636,80
2023-12-11 11:23:58.448921,82,False,2.1621212251729784,80
2023-12-11 11:23:58.449482,84,False,0.0,80
2023-12-11 11:23:58.956954,80,False,8.365440137193069,80
2023-12-11 11:23:58.957583,82,False,2.1621212251729784,80
2023-12-11 11:23:59.454704,81,False,4.7586309703271334,80
2023-12-11 11:23:59.522212,84,False,0.0,80
2023-12-11 11:23:59.957635,80,False,8.365440137193069,80
2023-12-11 11:23:59.958096,82,False,2.1621212251729784,80
2023-12-11 11:24:00.460290,82,False,2.1621212251729784,80
2023-12-11 11:24:00.508299,85,False,0.4343885199811769,80
2023-12-11 11:24:00.960926,80,False,8.365440137193069,80
2023-12-11 11:24:01.026791,84,False,0.0,80
2023-12-11 11:24:01.456840,80,False,8.365440137193069,80
2023-12-11 11:24:01.457359,85,False,0.4343885199811769,80
2023-12-11 11:24:01.963072,83,False,0.5759109017306004,80
2023-12-11 11:24:02.022542,82,False,2.1621212251729784,80
2023-12-11 11:24:02.458062,80,False,8.365440137193069,80
2023-12-11 11:24:02.458559,85,False,0.4343885199811769,80
2023-12-11 11:24:02.964590,81,False,4.7586309703271334,80
2023-12-11 11:24:02.965101,83,False,0.5759109017306004,80
2023-12-11 11:24:04.461164,82,False,2.1621212251729784,80
2023-12-11 11:24:04.466259,80,False,8.365440137193069,80
2023-12-11 11:24:04.969654,85,False,0.4343885199811769,80
2023-12-11 11:24:05.040657,82,False,2.1621212251729784,80
2023-12-11 11:24:05.460332,80,False,8.365440137193069,80
2023-12-11 11:24:05.460864,85,False,0.4343885199811769,80
2023-12-11 11:24:05.962439,82,False,2.1621212251729784,80
2023-12-11 11:24:05.962943,82,False,2.1621212251729784,80
2023-12-11 11:24:06.463884,82,False,2.1621212251729784,80
2023-12-11 11:24:06.464290,80,False,8.365440137193069,80
2023-12-11 11:24:06.964588,82,False,2.1621212251729784,80
2023-12-11 11:24:06.969251,80,False,8.365440137193069,80
2023-12-11 11:24:07.472875,84,False,0.0,80
2023-12-11 11:24:07.473459,84,False,0.0,80
2023-12-11 11:24:07.972851,84,False,0.0,80
2023-12-11 11:24:07.973353,82,False,2.1621212251729784,80
2023-12-11 11:24:08.467463,80,False,8.365440137193069,80
2023-12-11 11:24:08.467891,85,False,0.4343885199811769,80
2023-12-11 11:24:08.972080,83,False,0.5759109017306004,80
2023-12-11 11:24:08.972540,83,False,0.5759109017306004,80
2023-12-11 11:24:09.473076,90,False,17.760822445563672,80
2023-12-11 11:24:09.480074,90,False,17.760822445563672,80
2023-12-11 11:24:09.972943,90,False,17.760822445563672,80
2023-12-11 11:24:09.973538,90,False,17.760822445563672,80
2023-12-11 11:24:10.495554,90,False,17.760822445563672,80
2023-12-11 11:24:10.496017,90,False,17.760822445563672,80
2023-12-11 11:24:10.971668,90,False,17.760822445563672,80
2023-12-11 11:24:11.049547,90,False,17.760822445563672,80
2023-12-11 11:24:11.479411,90,False,17.760822445563672,80
2023-12-11 11:24:11.480051,90,False,17.760822445563672,80
2023-12-11 11:24:11.987758,90,False,17.760822445563672,80
2023-12-11 11:24:11.988245,90,False,17.760822445563672,80
2023-12-11 11:24:12.476725,90,False,17.760822445563672,80
2023-12-11 11:24:12.477193,90,False,17.760822445563672,80
2023-12-11 11:24:12.976616,90,False,17.760822445563672,80
2023-12-11 11:24:12.977098,90,False,17.760822445563672,80
2023-12-11 11:24:13.484401,90,False,17.760822445563672,80
2023-12-11 11:24:13.484897,90,False,17.760822445563672,80
2023-12-11 11:24:13.981093,90,False,17.760822445563672,80
2023-12-11 11:24:13.981567,90,False,17.760822445563672,80
2023-12-11 11:24:14.479181,90,False,17.760822445563672,80
2023-12-11 11:24:14.479596,90,False,17.760822445563672,80
2023-12-11 11:24:14.986678,90,False,17.760822445563672,80
2023-12-11 11:24:14.987233,90,False,17.760822445563672,80
2023-12-11 11:24:15.487786,90,False,17.760822445563672,80
2023-12-11 11:24:15.488390,90,False,17.760822445563672,80
2023-12-11 11:24:15.990999,90,False,17.760822445563672,80
2023-12-11 11:24:15.991433,90,False,17.760822445563672,80
2023-12-11 11:24:16.483462,90,False,17.760822445563672,80
2023-12-11 11:24:16.483955,90,False,17.760822445563672,80
2023-12-11 11:24:16.990151,75,False,41.553977297199346,80
2023-12-11 11:24:16.990644,74,False,51.22258299433593,80
2023-12-11 11:24:17.490418,74,False,51.22258299433593,80
2023-12-11 11:24:17.490915,70,True,100.0,80
2023-12-11 11:24:17.993185,71,True,86.29019661601636,80
2023-12-11 11:24:17.993647,71,True,86.29019661601636,80
2023-12-11 11:24:18.490220,74,False,51.22258299433593,80
2023-12-11 11:24:18.490678,74,False,51.22258299433593,80
2023-12-11 11:24:18.993082,74,False,51.22258299433593,80
2023-12-11 11:24:18.993556,74,False,51.22258299433593,80
2023-12-11 11:24:19.488227,81,False,4.7586309703271334,80
2023-12-11 11:24:19.488746,84,False,0.0,80
2023-12-11 11:24:19.995006,80,False,8.365440137193069,80
2023-12-11 11:24:19.995521,80,False,8.365440137193069,80
2023-12-11 11:24:20.497489,80,False,8.365440137193069,80
2023-12-11 11:24:20.498002,82,False,2.1621212251729784,80
2023-12-11 11:24:20.996832,82,False,2.1621212251729784,80
2023-12-11 11:24:21.002223,82,False,2.1621212251729784,80
2023-12-11 11:24:21.491682,83,False,0.5759109017306004,80
2023-12-11 11:24:21.492205,80,False,8.365440137193069,80
2023-12-11 11:24:21.993131,84,False,0.0,80
2023-12-11 11:24:21.993592,81,False,4.7586309703271334,80
2023-12-11 11:24:22.495486,84,False,0.0,80
2023-12-11 11:24:22.495934,83,False,0.5759109017306004,80
2023-12-11 11:24:22.993028,85,False,0.4343885199811769,80
2023-12-11 11:24:22.997160,81,False,4.7586309703271334,80
2023-12-11 11:24:23.493527,84,False,0.0,80
2023-12-11 11:24:23.493994,82,False,2.1621212251729784,80
2023-12-11 11:24:23.994138,83,False,0.5759109017306004,80
2023-12-11 11:24:23.994631,84,False,0.0,80
2023-12-11 11:24:25.497197,84,False,0.0,80
2023-12-11 11:24:25.497620,83,False,0.5759109017306004,80
2023-12-11 11:24:25.997716,81,False,4.7586309703271334,80
2023-12-11 11:24:26.002920,83,False,0.5759109017306004,80
2023-12-11 11:24:26.496408,80,False,8.365440137193069,80
2023-12-11 11:24:26.501365,81,False,4.7586309703271334,80
2023-12-11 11:24:26.996814,81,False,4.7586309703271334,80
2023-12-11 11:24:27.000743,84,False,0.0,80
2023-12-11 11:24:27.497103,84,False,0.0,80
2023-12-11 11:24:27.498586,84,False,0.0,80
2023-12-11 11:24:28.002014,81,False,4.7586309703271334,80
2023-12-11 11:24:28.002495,85,False,0.4343885199811769,80
2023-12-11 11:24:28.497005,85,False,0.4343885199811769,80
2023-12-11 11:24:28.497518,82,False,2.1621212251729784,80
2023-12-11 11:24:29.002238,81,False,4.7586309703271334,80
2023-12-11 11:24:29.002692,82,False,2.1621212251729784,80
2023-12-11 11:24:29.503825,85,False,0.4343885199811769,80
2023-12-11 11:24:29.504266,84,False,0.0,80
2023-12-11 11:24:29.999917,80,False,8.365440137193069,80
2023-12-11 11:24:30.000552,81,False,4.7586309703271334,80
2023-12-11 11:24:30.504663,90,False,17.760822445563672,80
2023-12-11 11:24:30.505214,90,False,17.760822445563672,80
2023-12-11 11:24:31.000425,90,False,17.760822445563672,80
2023-12-11 11:24:31.000931,90,False,17.760822445563672,80
2023-12-11 11:24:31.502788,90,False,17.760822445563672,80
2023-12-11 11:24:31.506067,90,False,17.760822445563672,80
2023-12-11 11:24:32.005436,90,False,17.760822445563672,80
2023-12-11 11:24:32.005914,90,False,17.760822445563672,80
2023-12-11 11:24:32.506149,90,False,17.760822445563672,80
2023-12-11 11:24:32.506626,90,False,17.760822445563672,80
2023-12-11 11:24:33.006738,90,False,17.760822445563672,80
2023-12-11 11:24:33.502707,90,False,17.760822445563672,80
2023-12-11 11:24:33.503324,90,False,17.760822445563672,80
2023-12-11 11:24:34.001962,90,False,17.760822445563672,80
2023-12-11 11:24:34.009772,90,False,17.760822445563672,80
2023-12-11 11:24:34.505510,90,False,17.760822445563672,80
2023-12-11 11:24:34.505972,90,False,17.760822445563672,80
2023-12-11 11:24:35.006186,90,False,17.760822445563672,80
2023-12-11 11:24:35.006630,90,False,17.760822445563672,80
2023-12-11 11:24:35.515814,90,False,17.760822445563672,80
2023-12-11 11:24:35.516268,90,False,17.760822445563672,80
2023-12-11 11:24:36.004886,90,False,17.760822445563672,80
2023-12-11 11:24:36.031747,90,False,17.760822445563672,80
2023-12-11 11:24:36.506792,90,False,17.760822445563672,80
2023-12-11 11:24:36.507304,90,False,17.760822445563672,80
2023-12-11 11:24:37.006552,90,False,17.760822445563672,80
2023-12-11 11:24:37.007084,90,False,17.760822445563672,80
2023-12-11 11:24:37.507106,90,False,17.760822445563672,80
2023-12-11 11:24:37.617883,90,False,17.760822445563672,80
2023-12-11 11:24:38.006931,73,False,61.9014881131843,80
2023-12-11 11:24:38.010754,71,True,86.29019661601636,80
2023-12-11 11:24:38.509709,73,False,61.9014881131843,80
2023-12-11 11:24:38.510117,72,False,73.59069265374443,80
2023-12-11 11:24:39.010663,75,False,41.553977297199346,80
2023-12-11 11:24:39.011081,75,False,41.553977297199346,80
2023-12-11 11:24:39.511475,72,False,73.59069265374443,80
2023-12-11 11:24:39.511944,74,False,51.22258299433593,80
2023-12-11 11:24:40.014519,70,True,100.0,80
2023-12-11 11:24:40.015043,70,True,100.0,80
2023-12-11 11:24:40.514167,85,False,0.4343885199811769,80
2023-12-11 11:24:40.514960,82,False,2.1621212251729784,80
2023-12-11 11:24:41.012972,85,False,0.4343885199811769,80
2023-12-11 11:24:41.013456,81,False,4.7586309703271334,80
2023-12-11 11:24:41.512094,83,False,0.5759109017306004,80
2023-12-11 11:24:41.512575,84,False,0.0,80
2023-12-11 11:24:42.019027,81,False,4.7586309703271334,80
2023-12-11 11:24:42.019619,82,False,2.1621212251729784,80
2023-12-11 11:24:42.515614,82,False,2.1621212251729784,80
2023-12-11 11:24:42.516640,82,False,2.1621212251729784,80
2023-12-11 11:24:43.015219,85,False,0.4343885199811769,80
2023-12-11 11:24:43.019627,80,False,8.365440137193069,80
2023-12-11 11:24:43.520070,85,False,0.4343885199811769,80
2023-12-11 11:24:43.520530,82,False,2.1621212251729784,80
2023-12-11 11:24:44.015097,81,False,4.7586309703271334,80
2023-12-11 11:24:44.020227,82,False,2.1621212251729784,80
2023-12-11 11:24:44.516617,85,False,0.4343885199811769,80
2023-12-11 11:24:44.517132,83,False,0.5759109017306004,80
2023-12-11 11:24:45.015690,85,False,0.4343885199811769,80
2023-12-11 11:24:45.020476,82,False,2.1621212251729784,80
2023-12-11 11:24:46.526769,84,False,0.0,80
2023-12-11 11:24:46.527350,82,False,2.1621212251729784,80
2023-12-11 11:24:47.021522,83,False,0.5759109017306004,80
2023-12-11 11:24:47.022045,80,False,8.365440137193069,80
2023-12-11 11:24:47.534875,85,False,0.4343885199811769,80
2023-12-11 11:24:47.535282,81,False,4.7586309703271334,80
2023-12-11 11:24:48.032066,84,False,0.0,80
2023-12-11 11:24:48.032557,81,False,4.7586309703271334,80
2023-12-11 11:24:48.522941,80,False,8.365440137193069,80
2023-12-11 11:24:48.525265,81,False,4.7586309703271334,80
2023-12-11 11:24:49.028215,80,False,8.365440137193069,80
2023-12-11 11:24:49.028804,84,False,0.0,80
2023-12-11 11:24:49.523828,80,False,8.365440137193069,80
2023-12-11 11:24:49.524216,85,False,0.4343885199811769,80
2023-12-11 11:24:50.022507,80,False,8.365440137193069,80
2023-12-11 11:24:50.022986,81,False,4.7586309703271334,80
2023-12-11 11:24:50.522335,80,False,8.365440137193069,80
2023-12-11 11:24:50.532972,83,False,0.5759109017306004,80
2023-12-11 11:24:51.023030,81,False,4.7586309703271334,80
2023-12-11 11:24:51.023619,83,False,0.5759109017306004,80
2023-12-11 11:24:51.523929,90,False,17.760822445563672,80
2023-12-11 11:24:51.524451,90,False,17.760822445563672,80
2023-12-11 11:24:52.030895,90,False,17.760822445563672,80
2023-12-11 11:24:52.031348,90,False,17.760822445563672,80
2023-12-11 11:24:52.524609,90,False,17.760822445563672,80
2023-12-11 11:24:52.529721,90,False,17.760822445563672,80
2023-12-11 11:24:53.025439,90,False,17.760822445563672,80
2023-12-11 11:24:53.029576,90,False,17.760822445563672,80
2023-12-11 11:24:53.532118,90,False,17.760822445563672,80
2023-12-11 11:24:53.532628,90,False,17.760822445563672,80
2023-12-11 11:24:54.037552,90,False,17.760822445563672,80
2023-12-11 11:24:54.038043,90,False,17.760822445563672,80
2023-12-11 11:24:54.528265,90,False,17.760822445563672,80
2023-12-11 11:24:54.528930,90,False,17.760822445563672,80
2023-12-11 11:24:55.036120,90,False,17.760822445563672,80
2023-12-11 11:24:55.036587,90,False,17.760822445563672,80
2023-12-11 11:24:55.539853,90,False,17.760822445563672,80
2023-12-11 11:24:55.540393,90,False,17.760822445563672,80
2023-12-11 11:24:56.041519,90,False,17.760822445563672,80
2023-12-11 11:24:56.042073,90,False,17.760822445563672,80
2023-12-11 11:24:56.532408,90,False,17.760822445563672,80
2023-12-11 11:24:56.533015,90,False,17.760822445563672,80
2023-12-11 11:24:57.034371,90,False,17.760822445563672,80
2023-12-11 11:24:57.057957,90,False,17.760822445563672,80
2023-12-11 11:24:57.539920,90,False,17.760822445563672,80
2023-12-11 11:24:57.551821,90,False,17.760822445563672,80
2023-12-11 11:24:58.041454,90,False,17.760822445563672,80
2023-12-11 11:24:58.041979,90,False,17.760822445563672,80
2023-12-11 11:24:58.536935,90,False,17.760822445563672,80
2023-12-11 11:24:58.537416,90,False,17.760822445563672,80
2023-12-11 11:24:59.036595,70,True,100.0,80
2023-12-11 11:24:59.057241,71,True,86.29019661601636,80
2023-12-11 11:24:59.553633,75,False,41.553977297199346,80
2023-12-11 11:24:59.554213,72,False,73.59069265374443,80
2023-12-11 11:25:00.038739,72,False,73.59069265374443,80
2023-12-11 11:25:00.043751,75,False,41.553977297199346,80
2023-12-11 11:25:00.544758,72,False,73.59069265374443,80
2023-12-11 11:25:00.545410,70,True,100.0,80
2023-12-11 11:25:01.042785,72,False,73.59069265374443,80
2023-12-11 11:25:01.056451,74,False,51.22258299433593,80
2023-12-11 11:25:01.548856,81,False,4.7586309703271334,80
2023-12-11 11:25:01.549282,82,False,2.1621212251729784,80
2023-12-11 11:25:02.053570,83,False,0.5759109017306004,80
2023-12-11 11:25:02.054222,83,False,0.5759109017306004,80
2023-12-11 11:25:02.545112,83,False,0.5759109017306004,80
2023-12-11 11:25:02.545580,80,False,8.365440137193069,80
2023-12-11 11:25:03.045422,84,False,0.0,80
2023-12-11 11:25:03.046332,81,False,4.7586309703271334,80
2023-12-11 11:25:03.551534,80,False,8.365440137193069,80
2023-12-11 11:25:03.551989,80,False,8.365440137193069,80
2023-12-11 11:25:04.047047,83,False,0.5759109017306004,80
2023-12-11 11:25:04.047669,82,False,2.1621212251729784,80
2023-12-11 11:25:04.547409,85,False,0.4343885199811769,80
2023-12-11 11:25:04.548005,82,False,2.1621212251729784,80
2023-12-11 11:25:05.048128,80,False,8.365440137193069,80
2023-12-11 11:25:05.048566,80,False,8.365440137193069,80
2023-12-11 11:25:05.552035,81,False,4.7586309703271334,80
2023-12-11 11:25:05.552459,81,False,4.7586309703271334,80
2023-12-11 11:25:07.554595,81,False,4.7586309703271334,80
2023-12-11 11:25:07.555173,83,False,0.5759109017306004,80
2023-12-11 11:25:08.068711,85,False,0.4343885199811769,80
2023-12-11 11:25:08.069137,80,False,8.365440137193069,80
2023-12-11 11:25:08.552387,82,False,2.1621212251729784,80
2023-12-11 11:25:08.557170,80,False,8.365440137193069,80
2023-12-11 11:25:09.069124,80,False,8.365440137193069,80
2023-12-11 11:25:09.069613,84,False,0.0,80
2023-12-11 11:25:09.563703,80,False,8.365440137193069,80
2023-12-11 11:25:09.564175,82,False,2.1621212251729784,80
2023-12-11 11:25:10.059655,81,False,4.7586309703271334,80
2023-12-11 11:25:10.060076,84,False,0.0,80
2023-12-11 11:25:10.557052,83,False,0.5759109017306004,80
2023-12-11 11:25:10.557567,82,False,2.1621212251729784,80
2023-12-11 11:25:11.058063,80,False,8.365440137193069,80
2023-12-11 11:25:11.058581,81,False,4.7586309703271334,80
2023-12-11 11:25:11.561677,80,False,8.365440137193069,80
2023-12-11 11:25:11.562247,81,False,4.7586309703271334,80
2023-12-11 11:25:12.065293,83,False,0.5759109017306004,80
2023-12-11 11:25:12.065751,82,False,2.1621212251729784,80
2023-12-11 11:25:12.567328,90,False,17.760822445563672,80
2023-12-11 11:25:12.567808,90,False,17.760822445563672,80
2023-12-11 11:25:13.068584,90,False,17.760822445563672,80
2023-12-11 11:25:13.069712,90,False,17.760822445563672,80
2023-12-11 11:25:13.568416,90,False,17.760822445563672,80
2023-12-11 11:25:13.568802,90,False,17.760822445563672,80
2023-12-11 11:25:14.064996,90,False,17.760822445563672,80
2023-12-11 11:25:14.070048,90,False,17.760822445563672,80
2023-12-11 11:25:14.580038,90,False,17.760822445563672,80
2023-12-11 11:25:14.682645,90,False,17.760822445563672,80
2023-12-11 11:25:15.068493,90,False,17.760822445563672,80
2023-12-11 11:25:15.073811,90,False,17.760822445563672,80
2023-12-11 11:25:15.580729,90,False,17.760822445563672,80
2023-12-11 11:25:15.581231,90,False,17.760822445563672,80
2023-12-11 11:25:16.071351,90,False,17.760822445563672,80
2023-12-11 11:25:16.071811,90,False,17.760822445563672,80
2023-12-11 11:25:16.570954,90,False,17.760822445563672,80
2023-12-11 11:25:16.571407,90,False,17.760822445563672,80
2023-12-11 11:25:17.077184,90,False,17.760822445563672,80
2023-12-11 11:25:17.080976,90,False,17.760822445563672,80
2023-12-11 11:25:17.578571,90,False,17.760822445563672,80
2023-12-11 11:25:17.579171,90,False,17.760822445563672,80
2023-12-11 11:25:18.073539,90,False,17.760822445563672,80
2023-12-11 11:25:18.074227,90,False,17.760822445563672,80
2023-12-11 11:25:18.578682,90,False,17.760822445563672,80
2023-12-11 11:25:18.579147,90,False,17.760822445563672,80
2023-12-11 11:25:19.080009,90,False,17.760822445563672,80
2023-12-11 11:25:19.084902,90,False,17.760822445563672,80
2023-12-11 11:25:19.590937,90,False,17.760822445563672,80
2023-12-11 11:25:19.591402,90,False,17.760822445563672,80
2023-12-11 11:25:20.086778,72,False,73.59069265374443,80
2023-12-11 11:25:20.087310,70,True,100.0,80
2023-12-11 11:25:20.582694,71,True,86.29019661601636,80
2023-12-11 11:25:20.583202,72,False,73.59069265374443,80
2023-12-11 11:25:21.082085,73,False,61.9014881131843,80
2023-12-11 11:25:21.082489,72,False,73.59069265374443,80
2023-12-11 11:25:21.581512,73,False,61.9014881131843,80
2023-12-11 11:25:21.582045,70,True,100.0,80
2023-12-11 11:25:22.083810,70,True,100.0,80
2023-12-11 11:25:22.088830,72,False,73.59069265374443,80
2023-12-11 11:25:22.579547,81,False,4.7586309703271334,80
2023-12-11 11:25:22.580020,83,False,0.5759109017306004,80
2023-12-11 11:25:23.085920,83,False,0.5759109017306004,80
2023-12-11 11:25:23.086411,80,False,8.365440137193069,80
2023-12-11 11:25:24.081854,85,False,0.4343885199811769,80
2023-12-11 11:25:24.082346,82,False,2.1621212251729784,80
2023-12-11 11:25:24.582867,80,False,8.365440137193069,80
2023-12-11 11:25:24.583358,83,False,0.5759109017306004,80
2023-12-11 11:25:25.084370,81,False,4.7586309703271334,80
2023-12-11 11:25:25.084918,81,False,4.7586309703271334,80
2023-12-11 11:25:25.583872,85,False,0.4343885199811769,80
2023-12-11 11:25:25.588998,81,False,4.7586309703271334,80
2023-12-11 11:25:26.084902,85,False,0.4343885199811769,80
2023-12-11 11:25:26.089933,84,False,0.0,80
2023-12-11 11:25:26.584856,82,False,2.1621212251729784,80
2023-12-11 11:25:26.588715,82,False,2.1621212251729784,80
2023-12-11 11:25:27.093126,85,False,0.4343885199811769,80
2023-12-11 11:25:27.093627,82,False,2.1621212251729784,80
2023-12-11 11:25:28.590963,85,False,0.4343885199811769,80
2023-12-11 11:25:28.591518,85,False,0.4343885199811769,80
2023-12-11 11:25:29.089280,83,False,0.5759109017306004,80
2023-12-11 11:25:29.109131,83,False,0.5759109017306004,80
2023-12-11 11:25:29.589329,83,False,0.5759109017306004,80
2023-12-11 11:25:29.589782,80,False,8.365440137193069,80
2023-12-11 11:25:30.088616,82,False,2.1621212251729784,80
2023-12-11 11:25:30.089166,83,False,0.5759109017306004,80
2023-12-11 11:25:30.596059,80,False,8.365440137193069,80
2023-12-11 11:25:30.596691,84,False,0.0,80
2023-12-11 11:25:31.089744,80,False,8.365440137193069,80
2023-12-11 11:25:31.094481,82,False,2.1621212251729784,80
2023-12-11 11:25:31.591254,81,False,4.7586309703271334,80
2023-12-11 11:25:31.591727,83,False,0.5759109017306004,80
2023-12-11 11:25:32.094708,81,False,4.7586309703271334,80
2023-12-11 11:25:32.109404,82,False,2.1621212251729784,80
2023-12-11 11:25:32.593597,80,False,8.365440137193069,80
2023-12-11 11:25:32.594312,82,False,2.1621212251729784,80
2023-12-11 11:25:33.094357,83,False,0.5759109017306004,80
2023-12-11 11:25:33.094884,80,False,8.365440137193069,80
2023-12-11 11:25:33.595074,90,False,17.760822445563672,80
2023-12-11 11:25:33.595558,90,False,17.760822445563672,80
2023-12-11 11:25:34.092630,90,False,17.760822445563672,80
2023-12-11 11:25:34.097718,90,False,17.760822445563672,80
2023-12-11 11:25:34.596492,90,False,17.760822445563672,80
2023-12-11 11:25:34.601556,90,False,17.760822445563672,80
2023-12-11 11:25:35.096158,90,False,17.760822445563672,80
2023-12-11 11:25:35.101599,90,False,17.760822445563672,80
2023-12-11 11:25:36.097427,90,False,17.760822445563672,80
2023-12-11 11:25:36.097890,90,False,17.760822445563672,80
2023-12-11 11:25:36.598348,90,False,17.760822445563672,80
2023-12-11 11:25:36.598813,90,False,17.760822445563672,80
2023-12-11 11:25:37.098847,90,False,17.760822445563672,80
2023-12-11 11:25:37.120864,90,False,17.760822445563672,80
2023-12-11 11:25:37.600686,90,False,17.760822445563672,80
2023-12-11 11:25:37.606037,90,False,17.760822445563672,80
2023-12-11 11:25:38.106291,90,False,17.760822445563672,80
2023-12-11 11:25:38.106775,90,False,17.760822445563672,80
2023-12-11 11:25:38.600012,90,False,17.760822445563672,80
2023-12-11 11:25:38.600461,90,False,17.760822445563672,80
2023-12-11 11:25:39.099863,90,False,17.760822445563672,80
2023-12-11 11:25:39.107302,90,False,17.760822445563672,80
2023-12-11 11:25:39.602933,90,False,17.760822445563672,80
2023-12-11 11:25:39.603388,90,False,17.760822445563672,80
2023-12-11 11:25:40.101787,90,False,17.760822445563672,80
2023-12-11 11:25:40.102225,90,False,17.760822445563672,80
2023-12-11 11:25:40.603186,90,False,17.760822445563672,80
2023-12-11 11:25:40.603736,90,False,17.760822445563672,80
2023-12-11 11:25:41.104833,73,False,61.9014881131843,80
2023-12-11 11:25:41.105402,75,False,41.553977297199346,80
2023-12-11 11:25:41.606483,75,False,41.553977297199346,80
2023-12-11 11:25:41.607097,70,True,100.0,80
2023-12-11 11:25:42.105248,70,True,100.0,80
2023-12-11 11:25:42.105768,71,True,86.29019661601636,80
2023-12-11 11:25:42.605935,70,True,100.0,80
2023-12-11 11:25:42.618478,73,False,61.9014881131843,80
2023-12-11 11:25:43.106742,72,False,73.59069265374443,80
2023-12-11 11:25:43.107214,74,False,51.22258299433593,80
2023-12-11 11:25:43.611832,80,False,8.365440137193069,80
2023-12-11 11:25:43.616275,81,False,4.7586309703271334,80
2023-12-11 11:25:44.108718,83,False,0.5759109017306004,80
2023-12-11 11:25:44.109287,85,False,0.4343885199811769,80
2023-12-11 11:25:44.612096,80,False,8.365440137193069,80
2023-12-11 11:25:44.612670,84,False,0.0,80
2023-12-11 11:25:45.109565,83,False,0.5759109017306004,80
2023-12-11 11:25:45.110016,84,False,0.0,80
2023-12-11 11:25:45.608992,82,False,2.1621212251729784,80
2023-12-11 11:25:45.719105,82,False,2.1621212251729784,80
2023-12-11 11:25:46.111856,85,False,0.4343885199811769,80
2023-12-11 11:25:46.112268,83,False,0.5759109017306004,80
2023-12-11 11:25:46.611140,81,False,4.7586309703271334,80
2023-12-11 11:25:46.611618,84,False,0.0,80
2023-12-11 11:25:47.109974,82,False,2.1621212251729784,80
2023-12-11 11:25:47.110418,84,False,0.0,80
2023-12-11 11:25:47.619300,85,False,0.4343885199811769,80
2023-12-11 11:25:47.619753,82,False,2.1621212251729784,80
2023-12-11 11:25:48.117073,81,False,4.7586309703271334,80
2023-12-11 11:25:48.223796,81,False,4.7586309703271334,80
2023-12-11 11:25:49.613414,82,False,2.1621212251729784,80
2023-12-11 11:25:49.618711,84,False,0.0,80
2023-12-11 11:25:50.115917,81,False,4.7586309703271334,80
2023-12-11 11:25:50.116334,83,False,0.5759109017306004,80
2023-12-11 11:25:50.617801,80,False,8.365440137193069,80
2023-12-11 11:25:50.618211,85,False,0.4343885199811769,80
2023-12-11 11:25:51.116463,83,False,0.5759109017306004,80
2023-12-11 11:25:51.117097,81,False,4.7586309703271334,80
2023-12-11 11:25:51.618810,80,False,8.365440137193069,80
2023-12-11 11:25:51.623433,84,False,0.0,80
2023-12-11 11:25:52.120691,85,False,0.4343885199811769,80
2023-12-11 11:25:52.121113,80,False,8.365440137193069,80
2023-12-11 11:25:52.617642,84,False,0.0,80
2023-12-11 11:25:52.618043,84,False,0.0,80
2023-12-11 11:25:53.118097,83,False,0.5759109017306004,80
2023-12-11 11:25:53.118540,81,False,4.7586309703271334,80
2023-12-11 11:25:53.629667,84,False,0.0,80
2023-12-11 11:25:53.630133,85,False,0.4343885199811769,80
2023-12-11 11:25:54.122238,82,False,2.1621212251729784,80
2023-12-11 11:25:54.122687,83,False,0.5759109017306004,80
2023-12-11 11:25:54.628212,90,False,17.760822445563672,80
2023-12-11 11:25:54.628623,90,False,17.760822445563672,80
2023-12-11 11:25:55.125563,90,False,17.760822445563672,80
2023-12-11 11:25:55.125962,90,False,17.760822445563672,80
2023-12-11 11:25:55.623078,90,False,17.760822445563672,80
2023-12-11 11:25:55.623969,90,False,17.760822445563672,80
2023-12-11 11:25:56.126385,90,False,17.760822445563672,80
2023-12-11 11:25:56.127127,90,False,17.760822445563672,80
2023-12-11 11:25:56.626164,90,False,17.760822445563672,80
2023-12-11 11:25:56.646370,90,False,17.760822445563672,80
2023-12-11 11:25:57.127380,90,False,17.760822445563672,80
2023-12-11 11:25:57.161513,90,False,17.760822445563672,80
2023-12-11 11:25:57.627355,90,False,17.760822445563672,80
2023-12-11 11:25:57.627806,90,False,17.760822445563672,80
2023-12-11 11:25:58.132346,90,False,17.760822445563672,80
2023-12-11 11:25:58.132928,90,False,17.760822445563672,80
2023-12-11 11:25:58.635985,90,False,17.760822445563672,80
2023-12-11 11:25:58.636455,90,False,17.760822445563672,80
2023-12-11 11:25:59.130552,90,False,17.760822445563672,80
2023-12-11 11:25:59.130926,90,False,17.760822445563672,80
2023-12-11 11:25:59.631694,90,False,17.760822445563672,80
2023-12-11 11:25:59.632293,90,False,17.760822445563672,80
2023-12-11 11:26:00.128402,90,False,17.760822445563672,80
2023-12-11 11:26:00.161528,90,False,17.760822445563672,80
2023-12-11 11:26:00.627542,90,False,17.760822445563672,80
2023-12-11 11:26:00.632589,90,False,17.760822445563672,80
2023-12-11 11:26:01.130367,90,False,17.760822445563672,80
2023-12-11 11:26:01.135047,90,False,17.760822445563672,80
2023-12-11 11:26:01.640156,90,False,17.760822445563672,80
2023-12-11 11:26:01.640589,90,False,17.760822445563672,80
2023-12-11 11:26:02.133082,72,False,73.59069265374443,80
2023-12-11 11:26:02.133600,72,False,73.59069265374443,80
2023-12-11 11:26:02.631162,70,True,100.0,80
2023-12-11 11:26:02.654730,70,True,100.0,80
2023-12-11 11:26:03.135417,70,True,100.0,80
2023-12-11 11:26:03.135841,73,False,61.9014881131843,80
2023-12-11 11:26:03.634008,73,False,61.9014881131843,80
2023-12-11 11:26:03.638942,71,True,86.29019661601636,80
2023-12-11 11:26:04.134940,73,False,61.9014881131843,80
2023-12-11 11:26:04.135482,73,False,61.9014881131843,80
2023-12-11 11:26:04.633351,81,False,4.7586309703271334,80
2023-12-11 11:26:04.633835,81,False,4.7586309703271334,80
2023-12-11 11:26:05.139772,80,False,8.365440137193069,80
2023-12-11 11:26:05.140150,84,False,0.0,80
2023-12-11 11:26:05.642595,81,False,4.7586309703271334,80
2023-12-11 11:26:05.643023,82,False,2.1621212251729784,80
2023-12-11 11:26:06.140042,85,False,0.4343885199811769,80
2023-12-11 11:26:06.140524,83,False,0.5759109017306004,80
2023-12-11 11:26:06.641309,84,False,0.0,80
2023-12-11 11:26:06.641818,80,False,8.365440137193069,80
2023-12-11 11:26:07.141040,82,False,2.1621212251729784,80
2023-12-11 11:26:07.147138,82,False,2.1621212251729784,80
2023-12-11 11:26:07.643239,81,False,4.7586309703271334,80
2023-12-11 11:26:07.643671,82,False,2.1621212251729784,80
2023-12-11 11:26:08.146515,83,False,0.5759109017306004,80
2023-12-11 11:26:08.146905,84,False,0.0,80
2023-12-11 11:26:08.645134,80,False,8.365440137193069,80
2023-12-11 11:26:08.705992,81,False,4.7586309703271334,80
2023-12-11 11:26:09.147537,80,False,8.365440137193069,80
2023-12-11 11:26:09.148046,85,False,0.4343885199811769,80
2023-12-11 11:26:10.653031,84,False,0.0,80
2023-12-11 11:26:10.653621,85,False,0.4343885199811769,80
2023-12-11 11:26:11.150188,82,False,2.1621212251729784,80
2023-12-11 11:26:11.160590,85,False,0.4343885199811769,80
2023-12-11 11:26:12.155041,82,False,2.1621212251729784,80
2023-12-11 11:26:12.155525,83,False,0.5759109017306004,80
2023-12-11 11:26:12.651837,81,False,4.7586309703271334,80
2023-12-11 11:26:12.652265,80,False,8.365440137193069,80
2023-12-11 11:26:13.152032,81,False,4.7586309703271334,80
2023-12-11 11:26:13.152604,81,False,4.7586309703271334,80
2023-12-11 11:26:13.657888,81,False,4.7586309703271334,80
2023-12-11 11:26:13.658393,83,False,0.5759109017306004,80
2023-12-11 11:26:14.150034,84,False,0.0,80
2023-12-11 11:26:14.184433,82,False,2.1621212251729784,80
2023-12-11 11:26:14.653023,80,False,8.365440137193069,80
2023-12-11 11:26:14.653465,84,False,0.0,80
2023-12-11 11:26:15.154643,83,False,0.5759109017306004,80
2023-12-11 11:26:15.155160,83,False,0.5759109017306004,80
2023-12-11 11:26:15.654516,90,False,17.760822445563672,80
2023-12-11 11:26:15.655029,90,False,17.760822445563672,80
2023-12-11 11:26:16.156319,90,False,17.760822445563672,80
2023-12-11 11:26:16.156737,90,False,17.760822445563672,80
2023-12-11 11:26:16.657969,90,False,17.760822445563672,80
2023-12-11 11:26:16.658388,90,False,17.760822445563672,80
2023-12-11 11:26:17.158156,90,False,17.760822445563672,80
2023-12-11 11:26:17.163155,90,False,17.760822445563672,80
2023-12-11 11:26:17.658915,90,False,17.760822445563672,80
2023-12-11 11:26:17.663880,90,False,17.760822445563672,80
2023-12-11 11:26:18.659061,90,False,17.760822445563672,80
2023-12-11 11:26:18.659516,90,False,17.760822445563672,80
2023-12-11 11:26:19.159287,90,False,17.760822445563672,80
2023-12-11 11:26:19.164596,90,False,17.760822445563672,80
2023-12-11 11:26:19.659447,90,False,17.760822445563672,80
2023-12-11 11:26:19.695790,90,False,17.760822445563672,80
2023-12-11 11:26:20.159378,90,False,17.760822445563672,80
2023-12-11 11:26:20.164083,90,False,17.760822445563672,80
2023-12-11 11:26:20.662484,90,False,17.760822445563672,80
2023-12-11 11:26:20.662892,90,False,17.760822445563672,80
2023-12-11 11:26:21.162278,90,False,17.760822445563672,80
2023-12-11 11:26:21.162691,90,False,17.760822445563672,80
2023-12-11 11:26:21.663691,90,False,17.760822445563672,80
2023-12-11 11:26:21.671964,90,False,17.760822445563672,80
2023-12-11 11:26:22.167410,90,False,17.760822445563672,80
2023-12-11 11:26:22.167948,90,False,17.760822445563672,80
2023-12-11 11:26:22.666183,90,False,17.760822445563672,80
2023-12-11 11:26:22.666781,90,False,17.760822445563672,80
2023-12-11 11:26:23.167732,75,False,41.553977297199346,80
2023-12-11 11:26:23.168126,75,False,41.553977297199346,80
2023-12-11 11:26:24.168358,72,False,73.59069265374443,80
2023-12-11 11:26:24.174097,71,True,86.29019661601636,80
2023-12-11 11:26:24.667939,71,True,86.29019661601636,80
2023-12-11 11:26:24.718248,75,False,41.553977297199346,80
2023-12-11 11:26:25.169600,74,False,51.22258299433593,80
2023-12-11 11:26:25.170006,72,False,73.59069265374443,80
2023-12-11 11:26:25.668584,84,False,0.0,80
2023-12-11 11:26:25.668962,80,False,8.365440137193069,80
2023-12-11 11:26:26.174638,84,False,0.0,80
2023-12-11 11:26:26.175169,85,False,0.4343885199811769,80
2023-12-11 11:26:26.671576,84,False,0.0,80
2023-12-11 11:26:26.672067,84,False,0.0,80
2023-12-11 11:26:27.174583,84,False,0.0,80
2023-12-11 11:26:27.174991,84,False,0.0,80
2023-12-11 11:26:27.673050,80,False,8.365440137193069,80
2023-12-11 11:26:27.673496,82,False,2.1621212251729784,80
2023-12-11 11:26:28.181330,82,False,2.1621212251729784,80
2023-12-11 11:26:28.181812,83,False,0.5759109017306004,80
2023-12-11 11:26:28.675772,81,False,4.7586309703271334,80
2023-12-11 11:26:28.676269,85,False,0.4343885199811769,80
2023-12-11 11:26:29.175718,80,False,8.365440137193069,80
2023-12-11 11:26:29.176130,84,False,0.0,80
2023-12-11 11:26:29.674333,82,False,2.1621212251729784,80
2023-12-11 11:26:29.679627,84,False,0.0,80
2023-12-11 11:26:30.176123,82,False,2.1621212251729784,80
2023-12-11 11:26:30.176554,84,False,0.0,80
2023-12-11 11:26:31.679676,81,False,4.7586309703271334,80
2023-12-11 11:26:31.680140,81,False,4.7586309703271334,80
2023-12-11 11:26:32.179028,85,False,0.4343885199811769,80
2023-12-11 11:26:32.183538,82,False,2.1621212251729784,80
2023-12-11 11:26:32.679599,81,False,4.7586309703271334,80
2023-12-11 11:26:32.680094,83,False,0.5759109017306004,80
2023-12-11 11:26:33.180522,84,False,0.0,80
2023-12-11 11:26:33.181491,81,False,4.7586309703271334,80
2023-12-11 11:26:33.679887,83,False,0.5759109017306004,80
2023-12-11 11:26:33.680283,83,False,0.5759109017306004,80
2023-12-11 11:26:34.179836,82,False,2.1621212251729784,80
2023-12-11 11:26:34.185018,84,False,0.0,80
2023-12-11 11:26:34.683632,80,False,8.365440137193069,80
2023-12-11 11:26:34.684218,82,False,2.1621212251729784,80
2023-12-11 11:26:35.187290,81,False,4.7586309703271334,80
2023-12-11 11:26:35.191162,84,False,0.0,80
2023-12-11 11:26:35.685575,83,False,0.5759109017306004,80
2023-12-11 11:26:35.690443,84,False,0.0,80
2023-12-11 11:26:36.186463,83,False,0.5759109017306004,80
2023-12-11 11:26:36.186876,84,False,0.0,80
2023-12-11 11:26:36.685322,90,False,17.760822445563672,80
2023-12-11 11:26:36.685743,90,False,17.760822445563672,80
2023-12-11 11:26:37.190528,90,False,17.760822445563672,80
2023-12-11 11:26:37.191272,90,False,17.760822445563672,80
2023-12-11 11:26:37.690901,90,False,17.760822445563672,80
2023-12-11 11:26:37.691418,90,False,17.760822445563672,80
2023-12-11 11:26:38.189435,90,False,17.760822445563672,80
2023-12-11 11:26:38.189858,90,False,17.760822445563672,80
2023-12-11 11:26:38.691400,90,False,17.760822445563672,80
2023-12-11 11:26:38.691863,90,False,17.760822445563672,80
2023-12-11 11:26:39.191923,90,False,17.760822445563672,80
2023-12-11 11:26:39.207936,90,False,17.760822445563672,80
2023-12-11 11:26:39.695150,90,False,17.760822445563672,80
2023-12-11 11:26:39.695585,90,False,17.760822445563672,80
2023-12-11 11:26:40.194563,90,False,17.760822445563672,80
2023-12-11 11:26:40.217171,90,False,17.760822445563672,80
2023-12-11 11:26:40.693435,90,False,17.760822445563672,80
2023-12-11 11:26:40.693973,90,False,17.760822445563672,80
2023-12-11 11:26:41.698513,90,False,17.760822445563672,80
2023-12-11 11:26:41.699040,90,False,17.760822445563672,80
2023-12-11 11:26:42.196272,90,False,17.760822445563672,80
2023-12-11 11:26:42.196837,90,False,17.760822445563672,80
2023-12-11 11:26:42.700879,90,False,17.760822445563672,80
2023-12-11 11:26:42.705805,90,False,17.760822445563672,80
2023-12-11 11:26:43.197260,90,False,17.760822445563672,80
2023-12-11 11:26:43.203026,90,False,17.760822445563672,80
2023-12-11 11:26:43.696708,90,False,17.760822445563672,80
2023-12-11 11:26:43.697333,90,False,17.760822445563672,80
2023-12-11 11:26:44.198682,72,False,73.59069265374443,80
2023-12-11 11:26:44.199517,70,True,100.0,80
2023-12-11 11:26:44.704413,73,False,61.9014881131843,80
2023-12-11 11:26:44.704867,75,False,41.553977297199346,80
2023-12-11 11:26:45.202368,74,False,51.22258299433593,80
2023-12-11 11:26:45.202718,73,False,61.9014881131843,80
2023-12-11 11:26:45.700934,70,True,100.0,80
2023-12-11 11:26:45.701468,74,False,51.22258299433593,80
2023-12-11 11:26:46.203714,72,False,73.59069265374443,80
2023-12-11 11:26:46.204310,70,True,100.0,80
2023-12-11 11:26:46.714061,80,False,8.365440137193069,80
2023-12-11 11:26:46.714473,85,False,0.4343885199811769,80
2023-12-11 11:26:47.203557,83,False,0.5759109017306004,80
2023-12-11 11:26:47.209316,83,False,0.5759109017306004,80
2023-12-11 11:26:47.705559,82,False,2.1621212251729784,80
2023-12-11 11:26:47.705986,85,False,0.4343885199811769,80
2023-12-11 11:26:48.204771,85,False,0.4343885199811769,80
2023-12-11 11:26:48.205328,83,False,0.5759109017306004,80
2023-12-11 11:26:48.707435,80,False,8.365440137193069,80
2023-12-11 11:26:48.712061,81,False,4.7586309703271334,80
2023-12-11 11:26:49.210053,83,False,0.5759109017306004,80
2023-12-11 11:26:49.214325,81,False,4.7586309703271334,80
2023-12-11 11:26:49.709916,83,False,0.5759109017306004,80
2023-12-11 11:26:49.710313,81,False,4.7586309703271334,80
2023-12-11 11:26:50.210755,81,False,4.7586309703271334,80
2023-12-11 11:26:50.211421,80,False,8.365440137193069,80
2023-12-11 11:26:50.709213,80,False,8.365440137193069,80
2023-12-11 11:26:50.709812,84,False,0.0,80
2023-12-11 11:26:51.210587,82,False,2.1621212251729784,80
2023-12-11 11:26:51.210983,80,False,8.365440137193069,80
2023-12-11 11:26:52.712511,85,False,0.4343885199811769,80
2023-12-11 11:26:52.717327,81,False,4.7586309703271334,80
2023-12-11 11:26:53.712827,82,False,2.1621212251729784,80
2023-12-11 11:26:53.713223,84,False,0.0,80
2023-12-11 11:26:54.212973,82,False,2.1621212251729784,80
2023-12-11 11:26:54.220114,85,False,0.4343885199811769,80
2023-12-11 11:26:54.714965,80,False,8.365440137193069,80
2023-12-11 11:26:54.715767,85,False,0.4343885199811769,80
2023-12-11 11:26:55.217092,81,False,4.7586309703271334,80
2023-12-11 11:26:55.217600,81,False,4.7586309703271334,80
2023-12-11 11:26:55.717290,83,False,0.5759109017306004,80
2023-12-11 11:26:55.718801,84,False,0.0,80
2023-12-11 11:26:56.220422,84,False,0.0,80
2023-12-11 11:26:56.220830,85,False,0.4343885199811769,80
2023-12-11 11:26:56.717677,82,False,2.1621212251729784,80
2023-12-11 11:26:56.721515,85,False,0.4343885199811769,80
2023-12-11 11:26:57.218521,85,False,0.4343885199811769,80
2023-12-11 11:26:57.223916,82,False,2.1621212251729784,80
2023-12-11 11:26:57.719401,90,False,17.760822445563672,80
2023-12-11 11:26:57.724326,90,False,17.760822445563672,80
2023-12-11 11:26:58.219183,90,False,17.760822445563672,80
2023-12-11 11:26:58.219689,90,False,17.760822445563672,80
2023-12-11 11:26:58.720508,90,False,17.760822445563672,80
2023-12-11 11:26:58.721263,90,False,17.760822445563672,80
2023-12-11 11:26:59.227610,90,False,17.760822445563672,80
2023-12-11 11:26:59.233235,90,False,17.760822445563672,80
2023-12-11 11:26:59.728439,90,False,17.760822445563672,80
2023-12-11 11:26:59.843718,90,False,17.760822445563672,80
2023-12-11 11:27:00.233985,90,False,17.760822445563672,80
2023-12-11 11:27:00.234397,90,False,17.760822445563672,80
2023-12-11 11:27:00.726580,90,False,17.760822445563672,80
2023-12-11 11:27:00.726977,90,False,17.760822445563672,80
2023-12-11 11:27:01.225218,90,False,17.760822445563672,80
2023-12-11 11:27:01.225811,90,False,17.760822445563672,80
2023-12-11 11:27:01.724991,90,False,17.760822445563672,80
2023-12-11 11:27:01.729874,90,False,17.760822445563672,80
2023-12-11 11:27:02.229599,90,False,17.760822445563672,80
2023-12-11 11:27:02.230003,90,False,17.760822445563672,80
2023-12-11 11:27:02.727605,90,False,17.760822445563672,80
2023-12-11 11:27:02.728014,90,False,17.760822445563672,80
2023-12-11 11:27:03.238680,90,False,17.760822445563672,80
2023-12-11 11:27:03.239207,90,False,17.760822445563672,80
2023-12-11 11:27:03.735692,90,False,17.760822445563672,80
2023-12-11 11:27:03.736184,90,False,17.760822445563672,80
2023-12-11 11:27:04.742857,90,False,17.760822445563672,80
2023-12-11 11:27:04.743257,90,False,17.760822445563672,80
2023-12-11 11:27:05.239753,73,False,61.9014881131843,80
2023-12-11 11:27:05.240183,72,False,73.59069265374443,80
2023-12-11 11:27:05.749284,75,False,41.553977297199346,80
2023-12-11 11:27:05.749776,72,False,73.59069265374443,80
2023-12-11 11:27:06.245043,74,False,51.22258299433593,80
2023-12-11 11:27:06.321488,72,False,73.59069265374443,80
2023-12-11 11:27:06.735906,74,False,51.22258299433593,80
2023-12-11 11:27:06.741632,75,False,41.553977297199346,80
2023-12-11 11:27:07.237905,74,False,51.22258299433593,80
2023-12-11 11:27:07.238302,75,False,41.553977297199346,80
2023-12-11 11:27:07.736556,85,False,0.4343885199811769,80
2023-12-11 11:27:07.740916,83,False,0.5759109017306004,80
2023-12-11 11:27:08.249072,82,False,2.1621212251729784,80
2023-12-11 11:27:08.249669,85,False,0.4343885199811769,80
2023-12-11 11:27:08.741586,82,False,2.1621212251729784,80
2023-12-11 11:27:08.742015,84,False,0.0,80
2023-12-11 11:27:09.247310,84,False,0.0,80
2023-12-11 11:27:09.247763,81,False,4.7586309703271334,80
2023-12-11 11:27:09.747216,84,False,0.0,80
2023-12-11 11:27:09.747857,82,False,2.1621212251729784,80
2023-12-11 11:27:10.253821,80,False,8.365440137193069,80
2023-12-11 11:27:10.254471,81,False,4.7586309703271334,80
2023-12-11 11:27:10.742558,81,False,4.7586309703271334,80
2023-12-11 11:27:10.748390,82,False,2.1621212251729784,80
2023-12-11 11:27:11.245434,83,False,0.5759109017306004,80
2023-12-11 11:27:11.245820,83,False,0.5759109017306004,80
2023-12-11 11:27:11.746062,82,False,2.1621212251729784,80
2023-12-11 11:27:11.748469,84,False,0.0,80
2023-12-11 11:27:12.252152,81,False,4.7586309703271334,80
2023-12-11 11:27:12.252752,83,False,0.5759109017306004,80
2023-12-11 11:27:13.749012,82,False,2.1621212251729784,80
2023-12-11 11:27:13.864104,81,False,4.7586309703271334,80
2023-12-11 11:27:14.251238,83,False,0.5759109017306004,80
2023-12-11 11:27:14.257012,81,False,4.7586309703271334,80
2023-12-11 11:27:14.756662,81,False,4.7586309703271334,80
2023-12-11 11:27:14.757278,85,False,0.4343885199811769,80
2023-12-11 11:27:15.256389,85,False,0.4343885199811769,80
2023-12-11 11:27:15.256823,85,False,0.4343885199811769,80
2023-12-11 11:27:15.750776,81,False,4.7586309703271334,80
2023-12-11 11:27:15.751260,81,False,4.7586309703271334,80
2023-12-11 11:27:16.755103,81,False,4.7586309703271334,80
2023-12-11 11:27:16.755822,83,False,0.5759109017306004,80
2023-12-11 11:27:17.260773,82,False,2.1621212251729784,80
2023-12-11 11:27:17.261515,82,False,2.1621212251729784,80
2023-12-11 11:27:17.756217,81,False,4.7586309703271334,80
2023-12-11 11:27:17.756618,81,False,4.7586309703271334,80
2023-12-11 11:27:18.265185,84,False,0.0,80
2023-12-11 11:27:18.395736,85,False,0.4343885199811769,80
2023-12-11 11:27:18.764360,90,False,17.760822445563672,80
2023-12-11 11:27:18.765397,90,False,17.760822445563672,80
2023-12-11 11:27:19.260685,90,False,17.760822445563672,80
2023-12-11 11:27:19.261499,90,False,17.760822445563672,80
2023-12-11 11:27:19.759341,90,False,17.760822445563672,80
2023-12-11 11:27:19.759799,90,False,17.760822445563672,80
2023-12-11 11:27:20.269550,90,False,17.760822445563672,80
2023-12-11 11:27:20.269939,90,False,17.760822445563672,80
2023-12-11 11:27:20.762187,90,False,17.760822445563672,80
2023-12-11 11:27:20.762881,90,False,17.760822445563672,80
2023-12-11 11:27:21.261326,90,False,17.760822445563672,80
2023-12-11 11:27:21.261897,90,False,17.760822445563672,80
2023-12-11 11:27:22.269340,90,False,17.760822445563672,80
2023-12-11 11:27:22.269763,90,False,17.760822445563672,80
2023-12-11 11:27:22.765428,90,False,17.760822445563672,80
2023-12-11 11:27:22.765843,90,False,17.760822445563672,80
2023-12-11 11:27:23.266072,90,False,17.760822445563672,80
2023-12-11 11:27:23.266818,90,False,17.760822445563672,80
2023-12-11 11:27:23.766656,90,False,17.760822445563672,80
2023-12-11 11:27:23.767230,90,False,17.760822445563672,80
2023-12-11 11:27:24.269642,90,False,17.760822445563672,80
2023-12-11 11:27:24.270055,90,False,17.760822445563672,80
2023-12-11 11:27:24.770133,90,False,17.760822445563672,80
2023-12-11 11:27:24.770487,90,False,17.760822445563672,80
2023-12-11 11:27:25.275709,90,False,17.760822445563672,80
2023-12-11 11:27:25.380303,90,False,17.760822445563672,80
2023-12-11 11:27:25.770178,90,False,17.760822445563672,80
2023-12-11 11:27:25.774955,90,False,17.760822445563672,80
2023-12-11 11:27:26.278599,73,False,61.9014881131843,80
2023-12-11 11:27:26.279034,75,False,41.553977297199346,80
2023-12-11 11:27:26.771480,75,False,41.553977297199346,80
2023-12-11 11:27:26.771907,75,False,41.553977297199346,80
2023-12-11 11:27:27.271597,74,False,51.22258299433593,80
2023-12-11 11:27:27.272299,73,False,61.9014881131843,80
2023-12-11 11:27:27.769639,71,True,86.29019661601636,80
2023-12-11 11:27:27.774677,73,False,61.9014881131843,80
2023-12-11 11:27:28.272568,72,False,73.59069265374443,80
2023-12-11 11:27:28.273271,74,False,51.22258299433593,80
2023-12-11 11:27:28.773266,80,False,8.365440137193069,80
2023-12-11 11:27:28.778607,82,False,2.1621212251729784,80
2023-12-11 11:27:29.280774,80,False,8.365440137193069,80
2023-12-11 11:27:29.281202,83,False,0.5759109017306004,80
2023-12-11 11:27:29.774431,84,False,0.0,80
2023-12-11 11:27:29.775022,80,False,8.365440137193069,80
2023-12-11 11:27:30.275232,82,False,2.1621212251729784,80
2023-12-11 11:27:30.275895,83,False,0.5759109017306004,80
2023-12-11 11:27:30.778075,81,False,4.7586309703271334,80
2023-12-11 11:27:30.778449,84,False,0.0,80
2023-12-11 11:27:31.276946,80,False,8.365440137193069,80
2023-12-11 11:27:31.277358,85,False,0.4343885199811769,80
2023-12-11 11:27:31.780102,84,False,0.0,80
2023-12-11 11:27:31.780786,80,False,8.365440137193069,80
2023-12-11 11:27:32.288039,80,False,8.365440137193069,80
2023-12-11 11:27:32.288596,81,False,4.7586309703271334,80
2023-12-11 11:27:32.778127,84,False,0.0,80
2023-12-11 11:27:32.778509,85,False,0.4343885199811769,80
2023-12-11 11:27:33.281580,83,False,0.5759109017306004,80
2023-12-11 11:27:33.388273,83,False,0.5759109017306004,80
2023-12-11 11:27:34.784744,80,False,8.365440137193069,80
2023-12-11 11:27:34.785420,83,False,0.5759109017306004,80
2023-12-11 11:27:35.283686,81,False,4.7586309703271334,80
2023-12-11 11:27:35.288187,83,False,0.5759109017306004,80
2023-12-11 11:27:35.784094,85,False,0.4343885199811769,80
2023-12-11 11:27:35.784505,83,False,0.5759109017306004,80
2023-12-11 11:27:36.313732,85,False,0.4343885199811769,80
2023-12-11 11:27:36.315121,85,False,0.4343885199811769,80
2023-12-11 11:27:36.785016,83,False,0.5759109017306004,80
2023-12-11 11:27:36.790777,81,False,4.7586309703271334,80
2023-12-11 11:27:37.289963,84,False,0.0,80
2023-12-11 11:27:37.290377,81,False,4.7586309703271334,80
2023-12-11 11:27:37.787621,83,False,0.5759109017306004,80
2023-12-11 11:27:37.788016,80,False,8.365440137193069,80
2023-12-11 11:27:38.293092,80,False,8.365440137193069,80
2023-12-11 11:27:38.293755,82,False,2.1621212251729784,80
2023-12-11 11:27:38.790190,84,False,0.0,80
2023-12-11 11:27:38.790791,84,False,0.0,80
2023-12-11 11:27:39.291986,85,False,0.4343885199811769,80
2023-12-11 11:27:39.292395,81,False,4.7586309703271334,80
2023-12-11 11:27:39.790298,90,False,17.760822445563672,80
2023-12-11 11:27:39.790660,90,False,17.760822445563672,80
2023-12-11 11:27:40.793523,90,False,17.760822445563672,80
2023-12-11 11:27:40.794150,90,False,17.760822445563672,80
2023-12-11 11:27:41.291819,90,False,17.760822445563672,80
2023-12-11 11:27:41.292412,90,False,17.760822445563672,80
2023-12-11 11:27:41.793454,90,False,17.760822445563672,80
2023-12-11 11:27:41.793932,90,False,17.760822445563672,80
2023-12-11 11:27:42.294514,90,False,17.760822445563672,80
2023-12-11 11:27:42.294989,90,False,17.760822445563672,80
2023-12-11 11:27:42.796625,90,False,17.760822445563672,80
2023-12-11 11:27:42.797262,90,False,17.760822445563672,80
2023-12-11 11:27:43.306840,90,False,17.760822445563672,80
2023-12-11 11:27:43.308528,90,False,17.760822445563672,80
2023-12-11 11:27:43.798192,90,False,17.760822445563672,80
2023-12-11 11:27:43.798622,90,False,17.760822445563672,80
2023-12-11 11:27:44.297740,90,False,17.760822445563672,80
2023-12-11 11:27:44.301930,90,False,17.760822445563672,80
2023-12-11 11:27:44.797082,90,False,17.760822445563672,80
2023-12-11 11:27:44.797693,90,False,17.760822445563672,80
2023-12-11 11:27:45.299939,90,False,17.760822445563672,80
2023-12-11 11:27:45.300603,90,False,17.760822445563672,80
2023-12-11 11:27:45.800647,90,False,17.760822445563672,80
2023-12-11 11:27:45.806995,90,False,17.760822445563672,80
2023-12-11 11:27:46.310797,90,False,17.760822445563672,80
2023-12-11 11:27:46.311216,90,False,17.760822445563672,80
2023-12-11 11:27:46.804555,90,False,17.760822445563672,80
2023-12-11 11:27:46.804973,90,False,17.760822445563672,80
2023-12-11 11:27:47.309815,70,True,100.0,80
2023-12-11 11:27:47.310476,74,False,51.22258299433593,80
2023-12-11 11:27:47.804333,74,False,51.22258299433593,80
2023-12-11 11:27:47.804944,71,True,86.29019661601636,80
2023-12-11 11:27:48.306807,70,True,100.0,80
2023-12-11 11:27:48.307233,72,False,73.59069265374443,80
2023-12-11 11:27:48.804941,74,False,51.22258299433593,80
2023-12-11 11:27:48.805354,74,False,51.22258299433593,80
2023-12-11 11:27:49.315286,74,False,51.22258299433593,80
2023-12-11 11:27:49.317076,70,True,100.0,80
2023-12-11 11:27:49.810667,84,False,0.0,80
2023-12-11 11:27:49.811251,85,False,0.4343885199811769,80
2023-12-11 11:27:50.308079,84,False,0.0,80
2023-12-11 11:27:50.308614,80,False,8.365440137193069,80
2023-12-11 11:27:50.807145,82,False,2.1621212251729784,80
2023-12-11 11:27:50.811991,83,False,0.5759109017306004,80
2023-12-11 11:27:51.313292,82,False,2.1621212251729784,80
2023-12-11 11:27:51.314024,83,False,0.5759109017306004,80
2023-12-11 11:27:51.810707,80,False,8.365440137193069,80
2023-12-11 11:27:51.815162,82,False,2.1621212251729784,80
2023-12-11 11:27:52.318715,82,False,2.1621212251729784,80
2023-12-11 11:27:52.319347,80,False,8.365440137193069,80
2023-12-11 11:27:52.818152,84,False,0.0,80
2023-12-11 11:27:52.818561,80,False,8.365440137193069,80
2023-12-11 11:27:53.314235,82,False,2.1621212251729784,80
2023-12-11 11:27:53.315338,84,False,0.0,80
2023-12-11 11:27:53.821472,84,False,0.0,80
2023-12-11 11:27:53.822088,85,False,0.4343885199811769,80
2023-12-11 11:27:54.312584,83,False,0.5759109017306004,80
2023-12-11 11:27:54.314585,84,False,0.0,80
2023-12-11 11:27:55.817850,81,False,4.7586309703271334,80
2023-12-11 11:27:55.818408,81,False,4.7586309703271334,80
2023-12-11 11:27:56.316459,85,False,0.4343885199811769,80
2023-12-11 11:27:56.317066,80,False,8.365440137193069,80
2023-12-11 11:27:56.824040,81,False,4.7586309703271334,80
2023-12-11 11:27:56.824445,84,False,0.0,80
2023-12-11 11:27:57.316535,81,False,4.7586309703271334,80
2023-12-11 11:27:57.421720,85,False,0.4343885199811769,80
2023-12-11 11:27:58.322772,83,False,0.5759109017306004,80
2023-12-11 11:27:58.327912,83,False,0.5759109017306004,80
2023-12-11 11:27:58.823860,80,False,8.365440137193069,80
2023-12-11 11:27:58.829623,82,False,2.1621212251729784,80
2023-12-11 11:27:59.321111,80,False,8.365440137193069,80
2023-12-11 11:27:59.327041,82,False,2.1621212251729784,80
2023-12-11 11:27:59.822351,83,False,0.5759109017306004,80
2023-12-11 11:27:59.827559,84,False,0.0,80
2023-12-11 11:28:00.329542,82,False,2.1621212251729784,80
2023-12-11 11:28:00.330129,82,False,2.1621212251729784,80
2023-12-11 11:28:00.831550,90,False,17.760822445563672,80
2023-12-11 11:28:00.832184,90,False,17.760822445563672,80
2023-12-11 11:28:01.325611,90,False,17.760822445563672,80
2023-12-11 11:28:01.326029,90,False,17.760822445563672,80
2023-12-11 11:28:01.824492,90,False,17.760822445563672,80
2023-12-11 11:28:01.831609,90,False,17.760822445563672,80
2023-12-11 11:28:02.326178,90,False,17.760822445563672,80
2023-12-11 11:28:02.326882,90,False,17.760822445563672,80
2023-12-11 11:28:02.826170,90,False,17.760822445563672,80
2023-12-11 11:28:02.826819,90,False,17.760822445563672,80
2023-12-11 11:28:03.327758,90,False,17.760822445563672,80
2023-12-11 11:28:03.328138,90,False,17.760822445563672,80
2023-12-11 11:28:03.826292,90,False,17.760822445563672,80
2023-12-11 11:28:03.831917,90,False,17.760822445563672,80
2023-12-11 11:28:04.326352,90,False,17.760822445563672,80
2023-12-11 11:28:04.331443,90,False,17.760822445563672,80
2023-12-11 11:28:04.831808,90,False,17.760822445563672,80
2023-12-11 11:28:04.832633,90,False,17.760822445563672,80
2023-12-11 11:28:05.335239,90,False,17.760822445563672,80
2023-12-11 11:28:05.335810,90,False,17.760822445563672,80
2023-12-11 11:28:05.830848,90,False,17.760822445563672,80
2023-12-11 11:28:05.836951,90,False,17.760822445563672,80
2023-12-11 11:28:06.331847,90,False,17.760822445563672,80
2023-12-11 11:28:06.332273,90,False,17.760822445563672,80
2023-12-11 11:28:06.834423,90,False,17.760822445563672,80
2023-12-11 11:28:06.835196,90,False,17.760822445563672,80
2023-12-11 11:28:07.338530,90,False,17.760822445563672,80
2023-12-11 11:28:07.339133,90,False,17.760822445563672,80
